{
    "title": "Top courses in AWS Certification",
    "header": "Become an expert in cloud computing with AWS Certification",
    "description": "Prep for your AWS certification with an AWS course on Udemy. Learn the fundamentals of AWS such as working with a serverless platform, the various frameworks, security and more. With these courses, you’ll build the valuable skills you need to implement cloud initiatives — and open up new career opportunities. If you want to become an AWS developer, we’ve got the course for you.",
    "courses": [
        {
            "id": 1047846,
            "title": "Amazon Web Services (AWS) Certified 2022 - 4 Certifications!",
            "headline": "Videos, labs & practice exams - AWS Certified (Solutions Architect, Developer, SysOps Administrator, Cloud Practitioner)",
            "rating": 4.577187,
            "image": "https://img-c.udemycdn.com/course/750x422/1047846_83ef_29.jpg",
            "instructors": [
                {
                    "name": "BackSpace Academy",
                    "jop": "The fastest route to cloud certification.",
                    "image": "https://img-c.udemycdn.com/user/100x100/27829848_1d83.jpg"
                },
                {
                    "name": "Paul Coady",
                    "jop": "Cloud Technology Expert",
                    "image": "https://img-c.udemycdn.com/user/100x100/5628062_a21d_2.jpg"
                }
            ],
            "price": 29.99
        },
        {
            "id": 1102458,
            "title": "AWS Certified Security Specialty 2022",
            "headline": "All you need to master AWS Certified Security Specialty certification.",
            "rating": 4.691136,
            "image": "https://img-c.udemycdn.com/course/750x422/1102458_d6e6_2.jpg",
            "instructors": [
                {
                    "name": "Zeal Vora",
                    "jop": "Premium Instructor",
                    "image": "https://img-c.udemycdn.com/user/100x100/2025260_e5f5_2.jpg"
                }
            ],
            "price": 34.99
        },
        {
            "id": 1135330,
            "title": "Part 1: AWS Certified Solutions Architect SAA C03 [Updated]",
            "headline": "AWS Associate Exam - Master Foundations. Join Live Study Group Q&A!",
            "rating": 4.570707,
            "image": "https://img-c.udemycdn.com/course/750x422/1135330_0e31_10.jpg",
            "instructors": [
                {
                    "name": "Chandra Lingam",
                    "jop": "Cloud Wave LLC",
                    "image": "https://img-c.udemycdn.com/user/100x100/22006946_909d_11.jpg"
                }
            ],
            "price": 14.99
        },
        {
            "id": 1162310,
            "title": "Practice Test AWS Solutions Architect Associate SAA C03",
            "headline": "[Updated] In One Hour, You will Gain Substantial Insight to Pass the Certification Exam. Join Live Study Group Q&A!",
            "rating": 4.6486487,
            "image": "https://img-c.udemycdn.com/course/750x422/1162310_5ee3_4.jpg",
            "instructors": [
                {
                    "name": "Chandra Lingam",
                    "jop": "Cloud Wave LLC",
                    "image": "https://img-c.udemycdn.com/user/100x100/22006946_909d_11.jpg"
                }
            ],
            "price": 14.99
        },
        {
            "id": 1236626,
            "title": "AWS Certified Solution Architect - Associate",
            "headline": "Includes 2 Practice Tests - 130 Practice Test Questions",
            "rating": 4.581818,
            "image": "https://img-c.udemycdn.com/course/750x422/1236626_b910_4.jpg",
            "instructors": [
                {
                    "name": "Alan Rodrigues",
                    "jop": "Software Engineering Evangelist",
                    "image": "https://img-b.udemycdn.com/user/100x100/25858272_3f5e_4.jpg"
                }
            ],
            "price": 16.99
        },
        {
            "id": 1328072,
            "title": "AWS Certified Solutions Architect - Associate 2022",
            "headline": "Beginner to Advanced",
            "rating": 4.615854,
            "image": "https://img-c.udemycdn.com/course/750x422/1328072_e082_5.jpg",
            "instructors": [
                {
                    "name": "Zeal Vora",
                    "jop": "Premium Instructor",
                    "image": "https://img-b.udemycdn.com/user/100x100/2025260_e5f5_2.jpg"
                }
            ],
            "price": 29.99
        },
        {
            "id": 1343886,
            "title": "The Ultimate AWS Certified Solutions Architect - Associate",
            "headline": "Pass the AWS certification exam by mastering the most important AWS services: IAM, EC2, Route 53 (DNS), VPC, and RDS.",
            "rating": 4.5,
            "image": "https://img-c.udemycdn.com/course/750x422/1343886_9003_3.jpg",
            "instructors": [
                {
                    "name": "Bernard Golden",
                    "jop": "Cloud consultant, writer, and thought leader",
                    "image": "https://img-b.udemycdn.com/user/100x100/14733940_09f7.jpg"
                }
            ],
            "price": 17.99
        },
        {
            "id": 1360446,
            "title": "AWS Certified Cloud Practitioner 2022",
            "headline": "Beginner to Advanced",
            "rating": 4.649927,
            "image": "https://img-c.udemycdn.com/course/750x422/1360446_f69e.jpg",
            "instructors": [
                {
                    "name": "Zeal Vora",
                    "jop": "Premium Instructor",
                    "image": "https://img-b.udemycdn.com/user/100x100/2025260_e5f5_2.jpg"
                }
            ],
            "price": 19.99
        },
        {
            "id": 1425762,
            "title": "AWS Certified Solutions Architect - Professional 2022",
            "headline": "All you need to master AWS Solutions Architect - Professional certification",
            "rating": 4.5654764,
            "image": "https://img-c.udemycdn.com/course/750x422/1425762_36e3.jpg",
            "instructors": [
                {
                    "name": "Zeal Vora",
                    "jop": "Premium Instructor",
                    "image": "https://img-c.udemycdn.com/user/100x100/2025260_e5f5_2.jpg"
                }
            ],
            "price": 34.99
        },
        {
            "id": 1477998,
            "title": "AWS Certified Cloud Practitioner - Updated 2020",
            "headline": "Pass your Cloud Practitioner certification Exam. Includes 175 practice questions",
            "rating": 4.604651,
            "image": "https://img-c.udemycdn.com/course/750x422/1477998_1fa5_3.jpg",
            "instructors": [
                {
                    "name": "Alan Rodrigues",
                    "jop": "Software Engineering Evangelist",
                    "image": "https://img-c.udemycdn.com/user/100x100/25858272_3f5e_4.jpg"
                }
            ],
            "price": 14.99
        },
        {
            "id": 1581742,
            "title": "AWS Certified Advanced Networking - Specialty 2022",
            "headline": "All you need to master AWS Certified Advanced Networking - Specialty certification",
            "rating": 4.5820894,
            "image": "https://img-c.udemycdn.com/course/750x422/1581742_5d24_3.jpg",
            "instructors": [
                {
                    "name": "Zeal Vora",
                    "jop": "Premium Instructor",
                    "image": "https://img-c.udemycdn.com/user/100x100/2025260_e5f5_2.jpg"
                }
            ],
            "price": 34.99
        },
        {
            "id": 1717968,
            "title": "AWS Certified Security Specialist",
            "headline": "This course is specially built to prepare you for taking on the AWS Certified Security Specialty Exam",
            "rating": 4.616279,
            "image": "https://img-c.udemycdn.com/course/750x422/1717968_a945_4.jpg",
            "instructors": [
                {
                    "name": "Alan Rodrigues",
                    "jop": "Software Engineering Evangelist",
                    "image": "https://img-c.udemycdn.com/user/100x100/25858272_3f5e_4.jpg"
                }
            ],
            "price": 17.99
        }
    ]
}