{
    "title": "Top courses in Data Science",
    "header": "Lead data-driven decisions with Data Science",
    "description": "Data science application is an in-demand skill in many industries worldwide — including finance, transportation, education, manufacturing, human resources, and banking. Explore data science courses with Python, statistics, machine learning, and more to grow your knowledge. Get data science training if you’re into research, statistics, and analytics.",
    "courses": [
        {
            "id": 513244,
            "title": "Data Science A-Z™: Real-Life Data Science Exercises Included",
            "headline": "Learn Data Science step by step through real Analytics examples. Data Mining, Modeling, Tableau Visualization and more!",
            "rating": 4.563353,
            "image": "https://img-c.udemycdn.com/course/750x422/513244_b831_4.jpg",
            "instructors": [
                {
                    "name": "Kirill Eremenko",
                    "jop": "Data Scientist",
                    "image": "https://img-c.udemycdn.com/user/100x100/2364054_83cd_5.jpg"
                },
                {
                    "name": "Ligency I Team",
                    "jop": "Helping Data Scientists Succeed",
                    "image": "https://img-c.udemycdn.com/user/100x100/27129696_acc1_2.jpg"
                },
                {
                    "name": "Ligency Team",
                    "jop": "Helping Data Scientists Succeed",
                    "image": "https://img-c.udemycdn.com/user/100x100/150405524_94b0_4.jpg"
                }
            ],
            "price": 14.99
        },
        {
            "id": 671576,
            "title": "Machine Learning, Data Science and Deep Learning with Python",
            "headline": "Complete hands-on machine learning tutorial with data science, Tensorflow, artificial intelligence, and neural networks",
            "rating": 4.5970984,
            "image": "https://img-c.udemycdn.com/course/750x422/671576_a272_4.jpg",
            "instructors": [
                {
                    "name": "Sundog Education by Frank Kane",
                    "jop": "Founder, Sundog Education. Machine Learning Pro",
                    "image": "https://img-b.udemycdn.com/user/100x100/13148312_b29e_3.jpg"
                },
                {
                    "name": "Frank Kane",
                    "jop": "Founder, Sundog Education",
                    "image": "https://img-b.udemycdn.com/user/100x100/32164746_8429_2.jpg"
                },
                {
                    "name": "Sundog Education Team",
                    "jop": "Sundog Education Team",
                    "image": "https://img-b.udemycdn.com/user/100x100/168079506_7ef6.jpg"
                }
            ],
            "price": 14.99
        },
        {
            "id": 713104,
            "title": "Data Science: Deep Learning and Neural Networks in Python",
            "headline": "The MOST in-depth look at neural network theory for machine learning, with both pure Python and Tensorflow code",
            "rating": 4.687204,
            "image": "https://img-c.udemycdn.com/course/750x422/713104_d4cb.jpg",
            "instructors": [
                {
                    "name": "Lazy Programmer Inc.",
                    "jop": "Artificial intelligence and machine learning engineer",
                    "image": "https://img-c.udemycdn.com/user/100x100/14266988_a969_9.jpg"
                }
            ],
            "price": 14.99
        },
        {
            "id": 765242,
            "title": "R Programming A-Z™: R For Data Science With Real Exercises!",
            "headline": "Learn Programming In R And R Studio. Data Analytics, Data Science, Statistical Analysis, Packages, Functions, GGPlot2",
            "rating": 4.676401,
            "image": "https://img-c.udemycdn.com/course/750x422/765242_2578_6.jpg",
            "instructors": [
                {
                    "name": "Kirill Eremenko",
                    "jop": "Data Scientist",
                    "image": "https://img-b.udemycdn.com/user/100x100/2364054_83cd_5.jpg"
                },
                {
                    "name": "Ligency I Team",
                    "jop": "Helping Data Scientists Succeed",
                    "image": "https://img-b.udemycdn.com/user/100x100/27129696_acc1_2.jpg"
                },
                {
                    "name": "Ligency Team",
                    "jop": "Helping Data Scientists Succeed",
                    "image": "https://img-b.udemycdn.com/user/100x100/150405524_94b0_4.jpg"
                }
            ],
            "price": 14.99
        },
        {
            "id": 821726,
            "title": "Data Science and Machine Learning Bootcamp with R",
            "headline": "Learn how to use the R programming language for data science and machine learning and data visualization!",
            "rating": 4.7661066,
            "image": "https://img-c.udemycdn.com/course/750x422/821726_8071.jpg",
            "instructors": [
                {
                    "name": "Jose Portilla",
                    "jop": "Head of Data Science at Pierian Training",
                    "image": "https://img-b.udemycdn.com/user/100x100/9685726_67e7_4.jpg"
                }
            ],
            "price": 14.99
        },
        {
            "id": 860148,
            "title": "R Programming: Advanced Analytics In R For Data Science",
            "headline": "Take Your R & R Studio Skills To The Next Level. Data Analytics, Data Science, Statistical Analysis in Business, GGPlot2",
            "rating": 4.7139425,
            "image": "https://img-c.udemycdn.com/course/750x422/860148_4f31_7.jpg",
            "instructors": [
                {
                    "name": "Kirill Eremenko",
                    "jop": "Data Scientist",
                    "image": "https://img-c.udemycdn.com/user/100x100/2364054_83cd_5.jpg"
                },
                {
                    "name": "Ligency I Team",
                    "jop": "Helping Data Scientists Succeed",
                    "image": "https://img-c.udemycdn.com/user/100x100/27129696_acc1_2.jpg"
                },
                {
                    "name": "Ligency Team",
                    "jop": "Helping Data Scientists Succeed",
                    "image": "https://img-c.udemycdn.com/user/100x100/150405524_94b0_4.jpg"
                }
            ],
            "price": 14.99
        },
        {
            "id": 903744,
            "title": "Python for Data Science and Machine Learning Bootcamp",
            "headline": "Learn how to use NumPy, Pandas, Seaborn , Matplotlib , Plotly , Scikit-Learn , Machine Learning, Tensorflow , and more!",
            "rating": 4.656405,
            "image": "https://img-c.udemycdn.com/course/750x422/903744_8eb2.jpg",
            "instructors": [
                {
                    "name": "Jose Portilla",
                    "jop": "Head of Data Science at Pierian Training",
                    "image": "https://img-c.udemycdn.com/user/100x100/9685726_67e7_4.jpg"
                }
            ],
            "price": 14.99
        },
        {
            "id": 913448,
            "title": "Python A-Z™: Python For Data Science With Real Exercises!",
            "headline": "Programming In Python For Data Analytics And Data Science. Learn Statistical Analysis, Data Mining And Visualization",
            "rating": 4.6402526,
            "image": "https://img-c.udemycdn.com/course/750x422/913448_e6e2_4.jpg",
            "instructors": [
                {
                    "name": "Kirill Eremenko",
                    "jop": "Data Scientist",
                    "image": "https://img-b.udemycdn.com/user/100x100/2364054_83cd_5.jpg"
                },
                {
                    "name": "Ligency I Team",
                    "jop": "Helping Data Scientists Succeed",
                    "image": "https://img-b.udemycdn.com/user/100x100/27129696_acc1_2.jpg"
                },
                {
                    "name": "Ligency Team",
                    "jop": "Helping Data Scientists Succeed",
                    "image": "https://img-b.udemycdn.com/user/100x100/150405524_94b0_4.jpg"
                }
            ],
            "price": 14.99
        },
        {
            "id": 950390,
            "title": "Machine Learning A-Z™: Hands-On Python & R In Data Science",
            "headline": "Learn to create Machine Learning Algorithms in Python and R from two Data Science experts. Code templates included.",
            "rating": 4.591084,
            "image": "https://img-c.udemycdn.com/course/750x422/950390_270f_3.jpg",
            "instructors": [
                {
                    "name": "Kirill Eremenko",
                    "jop": "Data Scientist",
                    "image": "https://img-c.udemycdn.com/user/100x100/2364054_83cd_5.jpg"
                },
                {
                    "name": "Hadelin de Ponteves",
                    "jop": "AI Entrepreneur",
                    "image": "https://img-c.udemycdn.com/user/100x100/22113450_6fb5_3.jpg"
                },
                {
                    "name": "Ligency I Team",
                    "jop": "Helping Data Scientists Succeed",
                    "image": "https://img-c.udemycdn.com/user/100x100/27129696_acc1_2.jpg"
                },
                {
                    "name": "Ligency Team",
                    "jop": "Helping Data Scientists Succeed",
                    "image": "https://img-c.udemycdn.com/user/100x100/150405524_94b0_4.jpg"
                }
            ],
            "price": 14.99
        },
        {
            "id": 971154,
            "title": "Introduction to Machine Learning for Data Science",
            "headline": "A primer on Machine Learning for Data Science.  Revealed for everyday people, by the Backyard Data Scientist.",
            "rating": 4.5745854,
            "image": "https://img-c.udemycdn.com/course/750x422/971154_6799_2.jpg",
            "instructors": [
                {
                    "name": "David Valentine",
                    "jop": "The Backyard Data Scientist",
                    "image": "https://img-c.udemycdn.com/user/100x100/24415084_36c2.jpg"
                }
            ],
            "price": 14.99
        },
        {
            "id": 1036342,
            "title": "SQL & Database Design A-Z™: Learn MS SQL Server + PostgreSQL",
            "headline": "Learn Both SQL Server & PostgreSQL By Doing. Enhance Your Data Analytics Career With Real World Data Science Exercises",
            "rating": 4.6013513,
            "image": "https://img-c.udemycdn.com/course/750x422/1036342_024e.jpg",
            "instructors": [
                {
                    "name": "Kirill Eremenko",
                    "jop": "Data Scientist",
                    "image": "https://img-c.udemycdn.com/user/100x100/2364054_83cd_5.jpg"
                },
                {
                    "name": "Ilya Eremenko",
                    "jop": "Business Analyst Professional",
                    "image": "https://img-c.udemycdn.com/user/100x100/2703224_4e82_3.jpg"
                },
                {
                    "name": "Ligency I Team",
                    "jop": "Helping Data Scientists Succeed",
                    "image": "https://img-c.udemycdn.com/user/100x100/27129696_acc1_2.jpg"
                },
                {
                    "name": "Ligency Team",
                    "jop": "Helping Data Scientists Succeed",
                    "image": "https://img-c.udemycdn.com/user/100x100/150405524_94b0_4.jpg"
                }
            ],
            "price": 14.99
        },
        {
            "id": 1292838,
            "title": "Data Science : Master Machine Learning Without Coding",
            "headline": "Learn Fundamentals Of Data Science & Machine Learning With Rapidminer (No Coding). Dataset & Solutions Included.",
            "rating": 4.483333,
            "image": "https://img-c.udemycdn.com/course/750x422/1292838_f55d_2.jpg",
            "instructors": [
                {
                    "name": "Ram Prasad",
                    "jop": "Data Scientist & Certified RapidMiner Analyst",
                    "image": "https://img-c.udemycdn.com/user/100x100/8679382_3d15_2.jpg"
                }
            ],
            "price": 14.99
        }
    ]
}