{
    "title": "Top courses in Drawing",
    "header": "Expand your creative skillset with Drawing",
    "description": "Want to start drawing for fun or take your craft to the next level? Explore our online drawing classes and learn pencil drawing, figure drawing, cartoon drawing, character drawing for cartoons and anime, illustration, sketching, shading and more. Take an overview course on the fundamentals of drawing or zero in on an area you’d like to improve with a specialized course. We’ve got tons of options to get — and keep — you going.",
    "courses": [
        {
            "id": 137230,
            "title": "The Secrets to Drawing",
            "headline": "A comprehensive video and ebook course designed for people wanting to learn the core concepts of drawing.",
            "rating": 4.6190476,
            "image": "https://img-c.udemycdn.com/course/750x422/137230_76b8_2.jpg",
            "instructors": [
                {
                    "name": "Matthew Fussell",
                    "jop": "Illustrator and Educator",
                    "image": "https://img-c.udemycdn.com/user/100x100/955999_8541_2.jpg"
                }
            ],
            "price": 17.99
        },
        {
            "id": 382394,
            "title": "Drawing and Sketching for Beginners",
            "headline": "Learn how to sketch and draw with easy to follow videos and exercises. No experience required!",
            "rating": 4.3,
            "image": "https://img-c.udemycdn.com/course/750x422/382394_63fa_7.jpg",
            "instructors": [
                {
                    "name": "Robin Slee | Art | Illustration | iPad | Software Development",
                    "jop": "Freelance Digital Artist, Programmer.",
                    "image": "https://img-c.udemycdn.com/user/100x100/2231962_95ff.jpg"
                }
            ],
            "price": 17.99
        },
        {
            "id": 633084,
            "title": "Building Confidence Through Drawing: Art for Beginners",
            "headline": "22 Drawing Lessons for Beginners. Course is perfect for engaging after-school activities or homeschool art projects.",
            "rating": 4.6666665,
            "image": "https://img-c.udemycdn.com/course/750x422/633084_1961_2.jpg",
            "instructors": [
                {
                    "name": "Em Winn",
                    "jop": "Teacher, Art Instructor, Artist",
                    "image": "https://img-c.udemycdn.com/user/100x100/9100824_a767_2.jpg"
                }
            ],
            "price": 17.99
        },
        {
            "id": 670050,
            "title": "Art for Kids & Beginners: 15 Easy Drawing & Painting Lessons",
            "headline": "Students Will Learn How to Draw & Watercolor Paint 15 Cute Animals Step-By-Step. For Beginners of All Ages and Abilities",
            "rating": 4.644737,
            "image": "https://img-c.udemycdn.com/course/750x422/670050_69ff_3.jpg",
            "instructors": [
                {
                    "name": "Em Winn",
                    "jop": "Teacher, Art Instructor, Artist",
                    "image": "https://img-c.udemycdn.com/user/100x100/9100824_a767_2.jpg"
                }
            ],
            "price": 15.99
        },
        {
            "id": 874012,
            "title": "The Ultimate Drawing Course - Beginner to Advanced",
            "headline": "Learn the #1 most important building block of all art, Drawing. This course will teach you how to draw like a pro!",
            "rating": 4.631222,
            "image": "https://img-c.udemycdn.com/course/750x422/874012_c7f2_3.jpg",
            "instructors": [
                {
                    "name": "Jaysen Batchelor",
                    "jop": "Illustrator & Designer",
                    "image": "https://img-c.udemycdn.com/user/100x100/17082766_0590_7.jpg"
                },
                {
                    "name": "Quinton Batchelor",
                    "jop": "Photographer",
                    "image": "https://img-c.udemycdn.com/user/100x100/32143518_ff3d_6.jpg"
                }
            ],
            "price": 19.99
        },
        {
            "id": 1045092,
            "title": "The Art & Science of Drawing / BASIC SKILLS",
            "headline": "Drawing is not a talent. It's a skill anyone can learn.",
            "rating": 4.718944,
            "image": "https://img-c.udemycdn.com/course/750x422/1045092_8c2f_2.jpg",
            "instructors": [
                {
                    "name": "Brent Eviston",
                    "jop": "Artist and Instructor",
                    "image": "https://img-b.udemycdn.com/user/100x100/27988174_e5c2.jpg"
                }
            ],
            "price": 18.99
        },
        {
            "id": 1047436,
            "title": "How to Draw and Sketch for Absolute Beginners pt 1",
            "headline": "Learn the Basics of Sketching and Drawing",
            "rating": 4.6504855,
            "image": "https://img-c.udemycdn.com/course/750x422/1047436_97b3.jpg",
            "instructors": [
                {
                    "name": "Rich Graysonn",
                    "jop": "Illustrator Designer",
                    "image": "https://img-c.udemycdn.com/user/100x100/5520332_cd73_3.jpg"
                }
            ],
            "price": 18.99
        },
        {
            "id": 1065192,
            "title": "The Art & Science of Drawing / DYNAMIC MARK MAKING",
            "headline": "Create compelling drawings using expressive mark making.",
            "rating": 4.8088236,
            "image": "https://img-c.udemycdn.com/course/750x422/1065192_abb5.jpg",
            "instructors": [
                {
                    "name": "Brent Eviston",
                    "jop": "Artist and Instructor",
                    "image": "https://img-c.udemycdn.com/user/100x100/27988174_e5c2.jpg"
                }
            ],
            "price": 17.99
        },
        {
            "id": 1071120,
            "title": "The Art & Science of Drawing / FORM & SPACE",
            "headline": "Learn to draw in 3-Dimensions",
            "rating": 4.743421,
            "image": "https://img-c.udemycdn.com/course/750x422/1071120_b439_2.jpg",
            "instructors": [
                {
                    "name": "Brent Eviston",
                    "jop": "Artist and Instructor",
                    "image": "https://img-b.udemycdn.com/user/100x100/27988174_e5c2.jpg"
                }
            ],
            "price": 17.99
        },
        {
            "id": 1271412,
            "title": "The Art & Science of Drawing / MEASURING & PROPORTION",
            "headline": "Dramatically increase the accuracy of your drawings.",
            "rating": 4.681818,
            "image": "https://img-c.udemycdn.com/course/750x422/1271412_a24c_2.jpg",
            "instructors": [
                {
                    "name": "Brent Eviston",
                    "jop": "Artist and Instructor",
                    "image": "https://img-c.udemycdn.com/user/100x100/27988174_e5c2.jpg"
                }
            ],
            "price": 17.99
        },
        {
            "id": 1311438,
            "title": "The Art & Science of Drawing / CONTOURS",
            "headline": "Learn to create compelling contour drawings and how to draw using foreshortening!",
            "rating": 4.78,
            "image": "https://img-c.udemycdn.com/course/750x422/1311438_f013.jpg",
            "instructors": [
                {
                    "name": "Brent Eviston",
                    "jop": "Artist and Instructor",
                    "image": "https://img-c.udemycdn.com/user/100x100/27988174_e5c2.jpg"
                }
            ],
            "price": 15.99
        },
        {
            "id": 1318770,
            "title": "The Complete Beginners Drawing and Shading Course",
            "headline": "The ideal drawing course for beginners to advanced. Super easy pencil drawing method. Everything explained in detail.",
            "rating": 4.3333335,
            "image": "https://img-c.udemycdn.com/course/750x422/1318770_b591_3.jpg",
            "instructors": [
                {
                    "name": "Cindy Wider",
                    "jop": "Art Educator, Artist and Co-Founder of DrawPj.com",
                    "image": "https://img-c.udemycdn.com/user/100x100/978607_2049_4.jpg"
                }
            ],
            "price": 16.99
        }
    ]
}