{
    "title": "Top courses in Excel",
    "header": "Analyze and visualize data with Excel",
    "description":"Take a Microsoft Excel course from Udemy, and learn how to use this industry-standard software. Real-world experts will show you the basics like how to organize data into sheets, rows and columns, and advanced techniques like creating complex dynamic formulas. Both small businesses and large companies use Excel to turn their raw data into actionable insights.",
    "courses": [
        {
            "id": 31535,
            "title": "Microsoft Excel 2013 Course Beginners/ Intermediate Training",
            "headline": "Learn to Master Microsoft Excel In Easy To Follow Step-By-Step Training Course. Comes With Extensive Working Files",
            "rating": 4.564516,
            "image": "https://img-c.udemycdn.com/course/750x422/31535_e351_7.jpg",
            "instructors": [
                {
                    "name": "Infinite Skills",
                    "jop": "High Quality Training",
                    "image": "https://img-c.udemycdn.com/user/100x100/39032_bdc3_5.jpg"
                }
            ],
            "price": 14.99
        },
        {
            "id": 39292,
            "title": "Microsoft Excel 2013  Advanced. Online Excel Training Course",
            "headline": "Master Advanced Excel 2013 Features. Become A Expert And Learn To Use Excel Like A Pro With This Advanced Excel Training",
            "rating": 4.4809523,
            "image": "https://img-c.udemycdn.com/course/750x422/39292_b3f3_9.jpg",
            "instructors": [
                {
                    "name": "Infinite Skills",
                    "jop": "High Quality Training",
                    "image": "https://img-c.udemycdn.com/user/100x100/39032_bdc3_5.jpg"
                }
            ],
            "price": 14.99
        },
        {
            "id": 49250,
            "title": "Microsoft Excel - From Beginner to Expert in 6 Hours",
            "headline": "This Microsoft Excel class will make you a master of Microsoft Excel. The training uses Excel 2013 for Windows.",
            "rating": 4.5667105,
            "image": "https://img-c.udemycdn.com/course/750x422/49250_a658_8.jpg",
            "instructors": [
                {
                    "name": "Todd McLeod",
                    "jop": "Top-Rated Instructor, Tenured College Professor",
                    "image": "https://img-c.udemycdn.com/user/100x100/710121_fdc7_6.jpg"
                }
            ],
            "price": 18.99
        },
        {
            "id": 51078,
            "title": "Sharper skills using Microsoft Excel 2010 for business",
            "headline": "Learn how to effectively use Microsoft Excel 2010 to modify, analyze and visualize business data",
            "rating": 4.6641793,
            "image": "https://img-c.udemycdn.com/course/750x422/51078_15b7_8.jpg",
            "instructors": [
                {
                    "name": "Ulrika Hedlund",
                    "jop": "Productivity Coach and Entrepreneur",
                    "image": "https://img-c.udemycdn.com/user/100x100/686918_78ee_9.jpg"
                }
            ],
            "price": 14.99
        },
        {
            "id": 56660,
            "title": "Learn Microsoft Excel 2013 - Advanced",
            "headline": "Insider Method: Learn Advanced Techniques for Microsoft Excel 2013 Fast - Without Lectures, Books, or Night Classes",
            "rating": 4.585366,
            "image": "https://img-c.udemycdn.com/course/750x422/56660_5635_3.jpg",
            "instructors": [
                {
                    "name": "Simon Sez IT",
                    "jop": "600000+ Students | Wordwide Use 183 Countries | 190+ Courses",
                    "image": "https://img-c.udemycdn.com/user/100x100/254593_efe3_3.jpg"
                }
            ],
            "price": 14.99
        },
        {
            "id": 58489,
            "title": "Excel 2013",
            "headline": "Online Excel training is designed to create a strong foundation for using the world's most popular business software.",
            "rating": 4.595238,
            "image": "https://img-c.udemycdn.com/course/750x422/58489_e3be_5.jpg",
            "instructors": [
                {
                    "name": "Learnit Anytime",
                    "jop": "Self-Paced Online Training Videos",
                    "image": "https://img-c.udemycdn.com/user/100x100/232846_f818_13.jpg"
                }
            ],
            "price": 14.99
        },
        {
            "id": 70720,
            "title": "7 Steps To Excel Success - Excel Skills And Power Tips",
            "headline": "In Excel every step counts. Learn to apply 7 Steps To Excel Success. Excel 2007,Excel 2010, Excel 2013 - Excel 365.",
            "rating": 4.579208,
            "image": "https://img-c.udemycdn.com/course/750x422/70720_1f9e_7.jpg",
            "instructors": [
                {
                    "name": "Billy Wigley",
                    "jop": "Microsoft Certified Trainer (MCT), MOS Excel Expert",
                    "image": "https://img-c.udemycdn.com/user/100x100/1071808_f970_10.jpg"
                },
                {
                    "name": "Stephanie Jhoy Tumulak",
                    "jop": "Teaching Assistant",
                    "image": "https://img-c.udemycdn.com/user/100x100/171593750_b9f9.jpg"
                }
            ],
            "price": 14.99
        },
        {
            "id": 81744,
            "title": "Advanced Excel - Beginner to Ninja level (includes Charts)",
            "headline": "Learn Excel Online for MIS Reporting, Data Cleaning, Data Analysis, Charting, Time-saver tricks with Examples",
            "rating": 4.5625,
            "image": "https://img-c.udemycdn.com/course/750x422/81744_6857_8.jpg",
            "instructors": [
                {
                    "name": "Rishabh Pugalia",
                    "jop": "CA | ex-KPMG, ex-J.P. Morgan | Taught @ PwC, EY, Deloitte",
                    "image": "https://img-c.udemycdn.com/user/100x100/1361200_ac9a_4.jpg"
                },
                {
                    "name": "Yoda Learning",
                    "jop": "Data Analyst |MS Office Expert & PMP | Instructor/Programmer",
                    "image": "https://img-c.udemycdn.com/user/100x100/5639404_fee6_11.jpg"
                }
            ],
            "price": 17.99
        },
        {
            "id": 107606,
            "title": "The Ultimate Microsoft Excel 2013 Training Bundle - 19 Hours",
            "headline": "The Drop-Dead Simple Method to Mastering Microsoft Excel 2013, Without Books, in Less Time Than You Thought",
            "rating": 4.631579,
            "image": "https://img-c.udemycdn.com/course/750x422/107606_ce50_5.jpg",
            "instructors": [
                {
                    "name": "Simon Sez IT",
                    "jop": "600000+ Students | Wordwide Use 183 Countries | 190+ Courses",
                    "image": "https://img-c.udemycdn.com/user/100x100/254593_efe3_3.jpg"
                }
            ],
            "price": 14.99
        },
        {
            "id": 109436,
            "title": "Use Excel Like A Pro. Fast.",
            "headline": "Go from spreadsheet rookie to rockstar",
            "rating": 4.7058825,
            "image": "https://img-c.udemycdn.com/course/750x422/109436_f634_13.jpg",
            "instructors": [
                {
                    "name": "Kieran Luke",
                    "jop": "COO, Lunchbox",
                    "image": "https://img-c.udemycdn.com/user/100x100/2219992_5e5e_6.jpg"
                }
            ],
            "price": 49.99
        },
        {
            "id": 109880,
            "title": "Comprehensive Microsoft Excel",
            "headline": "Discover how to use Microsoft Excel with an easy to follow tutorial series that focuses on project based learning.",
            "rating": 4.535347,
            "image": "https://img-c.udemycdn.com/course/750x422/109880_a49e_6.jpg",
            "instructors": [
                {
                    "name": "Jordan Hudgens",
                    "jop": "CTO at Bottega Code School",
                    "image": "https://img-c.udemycdn.com/user/100x100/82487_ca08_5.jpg"
                }
            ],
            "price": 15.99
        },
        {
            "id": 164058,
            "title": "The Ultimate Excel Programmer Course",
            "headline": "Learn Excel VBA from Scratch with Dan Strong, Bestselling Excel Expert with Over 180K Students Worldwide!",
            "rating": 4.61985,
            "image": "https://img-c.udemycdn.com/course/750x422/164058_e914_2.jpg",
            "instructors": [
                {
                    "name": "Daniel Strong",
                    "jop": "Excel Instructor/Programmer",
                    "image": "https://img-c.udemycdn.com/user/100x100/3795950_7fe4.jpg"
                }
            ],
            "price": 19.99
        }
    ]
}