{
    "title": "Top courses in Python",
    "header":"Expand your career opportunities with Python",
    "description":"Take one of Udemy’s range of Python courses and learn how to code using this incredibly useful language. Its simple syntax and readability makes Python perfect for Flask, Django, data science, and machine learning. You’ll learn how to build everything from games to sites to apps. Choose from a range of courses that will appeal to both beginners and advanced developers alike.",
    "courses": [
        {
            "id": 394676,
            "title": "Learn Python: The Complete Python Programming Course",
            "headline": "Learn A-Z everything about Python, from the basics, to advanced topics like Python GUI, Python Data Analysis, and more!",
            "rating": 4.372561,
            "image": "https://img-c.udemycdn.com/course/750x422/394676_ce3d_5.jpg",
            "instructors": [
                {
                    "name": "Avinash Jain",
                    "jop": "CEO of TheCodex.me - Teaching 500,000+ Students how to code",
                    "image": "https://img-b.udemycdn.com/user/100x100/10260436_946b_6.jpg"
                },
                {
                    "name": "The Codex",
                    "jop": "Teaching Python through Projects",
                    "image": "https://img-b.udemycdn.com/user/100x100/52310762_220a.jpg"
                }
            ],
            "price": 16.99
        },
        {
            "id": 396876,
            "title": "Learning Python for Data Analysis and Visualization",
            "headline": "Learn python and how to use it to analyze,visualize and present data. Includes tons of sample code and hours of video!",
            "rating": 4.3899083,
            "image": "https://img-c.udemycdn.com/course/750x422/396876_cc92_7.jpg",
            "instructors": [
                {
                    "name": "Jose Portilla",
                    "jop": "Head of Data Science at Pierian Training",
                    "image": "https://img-c.udemycdn.com/user/100x100/9685726_67e7_4.jpg"
                }
            ],
            "price": 19.99
        },
        {
            "id": 405878,
            "title": "Python for Beginners - Learn Programming from scratch",
            "headline": "Python For Beginners : This course is meant for absolute beginners in programming or in python.",
            "rating": 4.40372,
            "image": "https://img-c.udemycdn.com/course/750x422/405878_e5a0_3.jpg",
            "instructors": [
                {
                    "name": "Edwin Diaz",
                    "jop": "Web Developer & Premium Instructor - 800,000 students",
                    "image": "https://img-c.udemycdn.com/user/100x100/6772884_fcfc_2.jpg"
                },
                {
                    "name": "Coding Faculty Solutions",
                    "jop": "Coding Faculty",
                    "image": "https://img-c.udemycdn.com/user/100x100/34613172_6fb4.jpg"
                }
            ],
            "price": 14.99
        },
        {
            "id": 426570,
            "title": "Learn Python: Python for Beginners",
            "headline": "Python introduction for beginners. Learn complete Python from scratch!",
            "rating": 4.2765956,
            "image": "https://img-c.udemycdn.com/course/750x422/426570_1b91_3.jpg",
            "instructors": [
                {
                    "name": "Abrar Hussain",
                    "jop": "Programmer, Student",
                    "image": "https://img-c.udemycdn.com/user/100x100/10971708_a969_3.jpg"
                }
            ],
            "price": 16.99
        },
        {
            "id": 449532,
            "title": "Python Beyond the Basics - Object-Oriented Programming",
            "headline": "From Classes To Inheritance - OOP In-Depth For Python Programmers",
            "rating": 4.3240743,
            "image": "https://img-c.udemycdn.com/course/750x422/449532_2aa9_7.jpg",
            "instructors": [
                {
                    "name": "Infinite Skills",
                    "jop": "High Quality Training",
                    "image": "https://img-c.udemycdn.com/user/100x100/39032_bdc3_5.jpg"
                }
            ],
            "price": 17.99
        },
        {
            "id": 482754,
            "title": "Python From Scratch & Selenium WebDriver QA Automation 2022",
            "headline": "2 courses in 1. Python and Selenium WebDriver from scratch for Automation Testing, SQL Crash Course, Framework Design",
            "rating": 4.654122,
            "image": "https://img-c.udemycdn.com/course/750x422/482754_7146_6.jpg",
            "instructors": [
                {
                    "name": "Admas Kinfu",
                    "jop": "SuperSQA.com Learn from the experienced.",
                    "image": "https://img-c.udemycdn.com/user/100x100/8096556_de24_4.jpg"
                }
            ],
            "price": 18.99
        },
        {
            "id": 519554,
            "title": "Teach Your Kids to Code: Learn to Program Python at Any Age!",
            "headline": "Short, colorful apps and games you can use to teach and learn programming at any age! Chromebook, PC, Mac and Linux!",
            "rating": 4.527941,
            "image": "https://img-c.udemycdn.com/course/750x422/519554_da68_6.jpg",
            "instructors": [
                {
                    "name": "Bryson Payne",
                    "jop": "Best-Selling Author & Professor w/students in 178 countries",
                    "image": "https://img-c.udemycdn.com/user/100x100/12796044_b6aa_5.jpg"
                }
            ],
            "price": 15.99
        },
        {
            "id": 535622,
            "title": "Python for Data Structures, Algorithms, and Interviews!",
            "headline": "Get a kick start on your career and ace your coding interviews!",
            "rating": 4.5323277,
            "image": "https://img-c.udemycdn.com/course/750x422/535622_3bc0.jpg",
            "instructors": [
                {
                    "name": "Jose Portilla",
                    "jop": "Head of Data Science at Pierian Training",
                    "image": "https://img-b.udemycdn.com/user/100x100/9685726_67e7_4.jpg"
                }
            ],
            "price": 19.99
        },
        {
            "id": 543600,
            "title": "Automate the Boring Stuff with Python Programming",
            "headline": "A practical programming course for office workers, academics, and administrators who want to improve their productivity.",
            "rating": 4.6973357,
            "image": "https://img-c.udemycdn.com/course/750x422/543600_64d1_4.jpg",
            "instructors": [
                {
                    "name": "Al Sweigart",
                    "jop": "Software developer, tech book author",
                    "image": "https://img-c.udemycdn.com/user/100x100/13922584_4ff5_2.jpg"
                }
            ],
            "price": 14.99
        },
        {
            "id": 567828,
            "title": "2022 Complete Python Bootcamp From Zero to Hero in Python",
            "headline": "Learn Python like a Professional  Start from the basics and go all the way to creating your own applications and games",
            "rating": 4.6162734,
            "image": "https://img-c.udemycdn.com/course/750x422/567828_67d0.jpg",
            "instructors": [
                {
                    "name": "Jose Portilla",
                    "jop": "Head of Data Science at Pierian Training",
                    "image": "https://img-c.udemycdn.com/user/100x100/9685726_67e7_4.jpg"
                }
            ],
            "price": 34.99
        },
        {
            "id": 577248,
            "title": "Python for Beginners with Examples",
            "headline": "A Python course for the busy ones to learn Python programming. Learn and practice Python by building two complete apps.",
            "rating": 4.4764705,
            "image": "https://img-c.udemycdn.com/course/750x422/577248_3b6f_13.jpg",
            "instructors": [
                {
                    "name": "Ardit Sulce",
                    "jop": "Python Programmer. Founder and Author, PythonHow.",
                    "image": "https://img-c.udemycdn.com/user/100x100/717783_3157_7.jpg"
                }
            ],
            "price": 16.99
        },
        {
            "id": 622414,
            "title": "Taming Big Data with Apache Spark and Python - Hands On!",
            "headline": "PySpark tutorial with 20+  hands-on examples of analyzing large data sets on your desktop or on Hadoop with Python!",
            "rating": 4.5037427,
            "image": "https://img-c.udemycdn.com/course/750x422/622414_03f5_4.jpg",
            "instructors": [
                {
                    "name": "Sundog Education by Frank Kane",
                    "jop": "Founder, Sundog Education. Machine Learning Pro",
                    "image": "https://img-b.udemycdn.com/user/100x100/13148312_b29e_3.jpg"
                },
                {
                    "name": "Frank Kane",
                    "jop": "Founder, Sundog Education",
                    "image": "https://img-b.udemycdn.com/user/100x100/32164746_8429_2.jpg"
                },
                {
                    "name": "Sundog Education Team",
                    "jop": "Sundog Education Team",
                    "image": "https://img-b.udemycdn.com/user/100x100/168079506_7ef6.jpg"
                }
            ],
            "price": 15.99
        }
    ]
}