{
    "title": "Top courses in Web Development",
    "header": "Build websites and applications with Web Development",
    "description": "The world of web development is as wide as the internet itself. Much of our social and vocational lives play out on the internet, which prompts new industries aimed at creating, managing, and debugging the websites and applications that we increasingly rely on.",
    "courses": [
        {
            "id": 11475,
            "title": "Become a Certified HTML, CSS, JavaScript Web Developer",
            "headline": "Complete coverage of HTML, CSS, Javascript while you Earn Four Respected Certifications",
            "rating": 4.4583335,
            "image": "https://img-c.udemycdn.com/course/750x422/11475_9dac_14.jpg",
            "instructors": [
                {
                    "name": "Tech Learning Network",
                    "jop": "Career Building Digital Skills Training",
                    "image": "https://img-c.udemycdn.com/user/100x100/11439_12bd_13.jpg"
                },
                {
                    "name": "Mark Lassoff",
                    "jop": "Programming Instructor with over 500,000 students worldwide.",
                    "image": "https://img-c.udemycdn.com/user/100x100/22632534_6ae1.jpg"
                }
            ],
            "price": 17.99
        },
        {
            "id": 19332,
            "title": "The Complete 2020 Fullstack Web Developer Course",
            "headline": "Learn HTML5, CSS3, JavaScript, Python, Wagtail CMS, PHP & MySQL from scratch!",
            "rating": 4.5264626,
            "image": "https://img-c.udemycdn.com/course/750x422/19332_6b49_15.jpg",
            "instructors": [
                {
                    "name": "Kalob Taulien",
                    "jop": "Web developer and coding instructor",
                    "image": "https://img-c.udemycdn.com/user/100x100/226043_5d4a_6.jpg"
                }
            ],
            "price": 19.99
        },
        {
            "id": 99986,
            "title": "Introduction to Web Development",
            "headline": "Are you Interested in Learning Web Development? Enroll in this Free course for a Dynamic Introduction to the Profession!",
            "rating": 4.345912,
            "image": "https://img-c.udemycdn.com/course/750x422/99986_6cb4_10.jpg",
            "instructors": [
                {
                    "name": "Tech Learning Network",
                    "jop": "Career Building Digital Skills Training",
                    "image": "https://img-b.udemycdn.com/user/100x100/11439_12bd_13.jpg"
                },
                {
                    "name": "Mark Lassoff",
                    "jop": "Programming Instructor with over 500,000 students worldwide.",
                    "image": "https://img-b.udemycdn.com/user/100x100/22632534_6ae1.jpg"
                }
            ],
            "price": 14.99
        },
        {
            "id": 369662,
            "title": "Running a Web Development Business: The Complete Guide",
            "headline": "Learn how to start and grow a successful web development business. Get up & running and making sales in under a week.",
            "rating": 4.7708335,
            "image": "https://img-c.udemycdn.com/course/750x422/369662_7246_2.jpg",
            "instructors": [
                {
                    "name": "Evan Kimbrell",
                    "jop": "Founder of Sprintkick | Ex-VC  | Ex-startup founder",
                    "image": "https://img-b.udemycdn.com/user/100x100/18187_dbc6_6.jpg"
                }
            ],
            "price": 18.99
        },
        {
            "id": 446134,
            "title": "Ultimate Web Designer & Web Developer Course",
            "headline": "Become a Full-Stack Web Designer in 2022 - Learn Everything from Web Design Fundamentals to Front-End Web Development",
            "rating": 4.551724,
            "image": "https://img-c.udemycdn.com/course/750x422/446134_383c_3.jpg",
            "instructors": [
                {
                    "name": "Brad Hussey",
                    "jop": "Web Designer, Creator & Marketing Consultant",
                    "image": "https://img-c.udemycdn.com/user/100x100/422607_77b6_10.jpg"
                }
            ],
            "price": 18.99
        },
        {
            "id": 530308,
            "title": "Introduction to Programming",
            "headline": "Professional Coding Skills for Beginners",
            "rating": 4.581818,
            "image": "https://img-c.udemycdn.com/course/750x422/530308_8ca0_3.jpg",
            "instructors": [
                {
                    "name": "Tech Learning Network",
                    "jop": "Career Building Digital Skills Training",
                    "image": "https://img-c.udemycdn.com/user/100x100/11439_12bd_13.jpg"
                },
                {
                    "name": "Mark Lassoff",
                    "jop": "Programming Instructor with over 500,000 students worldwide.",
                    "image": "https://img-c.udemycdn.com/user/100x100/22632534_6ae1.jpg"
                }
            ],
            "price": 19.99
        },
        {
            "id": 548278,
            "title": "The Complete 2022 Web Development Course - Build 15 Projects",
            "headline": "The only course you need to become a full-stack web developer. Covers HTML5, CSS3, JS, ES6, Node, APIs, Mobile & more!",
            "rating": 4.5930233,
            "image": "https://img-c.udemycdn.com/course/750x422/548278_b005_9.jpg",
            "instructors": [
                {
                    "name": "Development Island (UK)",
                    "jop": "Best Technology Courses on the internet",
                    "image": "https://img-b.udemycdn.com/user/100x100/5607962_9cf3_3.jpg"
                }
            ],
            "price": 18.99
        },
        {
            "id": 625204,
            "title": "The Web Developer Bootcamp 2022",
            "headline": "COMPLETELY REDONE - The only course you need to learn web development - HTML, CSS, JS, Node, and More!",
            "rating": 4.7113376,
            "image": "https://img-c.udemycdn.com/course/750x422/625204_436a_3.jpg",
            "instructors": [
                {
                    "name": "Colt Steele",
                    "jop": "Developer and Bootcamp Instructor",
                    "image": "https://img-c.udemycdn.com/user/100x100/4466306_6fd8_3.jpg"
                }
            ],
            "price": 34.99
        },
        {
            "id": 764164,
            "title": "The Complete Web Developer Course 2.0",
            "headline": "Learn Web Development by building 25 websites and mobile apps using HTML, CSS, Javascript, PHP, Python, MySQL & more!",
            "rating": 4.4933333,
            "image": "https://img-c.udemycdn.com/course/750x422/764164_de03_2.jpg",
            "instructors": [
                {
                    "name": "Rob Percival",
                    "jop": "Web Developer And Teacher",
                    "image": "https://img-c.udemycdn.com/user/100x100/4387876_78bc.jpg"
                },
                {
                    "name": "Codestars by Rob Percival",
                    "jop": "Teaching the Next Generation of Coders",
                    "image": "https://img-c.udemycdn.com/user/100x100/33231436_2824_3.jpg"
                }
            ],
            "price": 19.99
        },
        {
            "id": 787236,
            "title": "Build Responsive Website Using HTML5, CSS3, JS And Bootstrap",
            "headline": "Learn HTML5, CSS3, JavaScript, jQuery and Bootstrap framework by building a modern looking responsive website.",
            "rating": 4.314815,
            "image": "https://img-c.udemycdn.com/course/750x422/787236_67ff_3.jpg",
            "instructors": [
                {
                    "name": "Irfan Dayan",
                    "jop": "Senior Web Developer, HTML5, CSS3 and JavaScript Expert",
                    "image": "https://img-b.udemycdn.com/user/100x100/18993806_6f3c_5.jpg"
                }
            ],
            "price": 14.99
        },
        {
            "id": 818990,
            "title": "Git a Web Developer Job: Mastering the Modern Workflow",
            "headline": "Learn Git, GitHub, Node.js, NPM, Object-oriented JavaScript, ES6, webpack, Netlify, BEM and Job Interview Tips",
            "rating": 4.6311474,
            "image": "https://img-c.udemycdn.com/course/750x422/818990_57c0_3.jpg",
            "instructors": [
                {
                    "name": "Brad Schiff",
                    "jop": "Web Developer",
                    "image": "https://img-b.udemycdn.com/user/100x100/5993622_f5da_2.jpg"
                }
            ],
            "price": 18.99
        },
        {
            "id": 881980,
            "title": "Pre-Programming: Everything you need to know before you code",
            "headline": "Increase your chance of success learning to code and communicating with other developers",
            "rating": 4.738806,
            "image": "https://img-c.udemycdn.com/course/750x422/881980_fc8f.jpg",
            "instructors": [
                {
                    "name": "Evan Kimbrell",
                    "jop": "Founder of Sprintkick | Ex-VC  | Ex-startup founder",
                    "image": "https://img-b.udemycdn.com/user/100x100/18187_dbc6_6.jpg"
                }
            ],
            "price": 17.99
        }
    ]
}